user_id,n_skills,n_mastered_in_path,pct_wasted
14,7,2,28.57142857142857
21825,4,3,75.0
53167,52,38,73.07692307692307
54318,1,1,100.0
58161,1,0,0.0
64525,77,74,96.1038961038961
64531,3,3,100.0
64532,3,3,100.0
64535,3,3,100.0
64550,3,3,100.0
64634,12,5,41.66666666666667
70190,5,2,40.0
70363,29,23,79.3103448275862
70676,16,12,75.0
70677,37,29,78.37837837837837
70679,27,17,62.96296296296296
70682,30,25,83.33333333333334
70684,25,21,84.0
70687,29,18,62.06896551724138
70688,27,21,77.77777777777779
70692,11,6,54.54545454545454
70693,16,9,56.25
70695,41,35,85.36585365853658
70699,37,20,54.054054054054056
70701,40,37,92.5
70702,43,41,95.34883720930233
70704,33,32,96.96969696969697
70706,35,32,91.42857142857143
70707,77,68,88.31168831168831
70708,48,37,77.08333333333334
70709,23,13,56.52173913043478
70727,66,61,92.42424242424242
70728,36,25,69.44444444444444
70729,65,52,80.0
70730,45,41,91.11111111111111
70731,34,31,91.17647058823529
70732,54,40,74.07407407407408
70733,62,53,85.48387096774194
70734,22,17,77.27272727272727
70736,50,37,74.0
70740,44,32,72.72727272727273
70743,14,10,71.42857142857143
70744,42,37,88.09523809523809
70745,57,47,82.45614035087719
70746,75,59,78.66666666666666
70748,33,24,72.72727272727273
70750,14,9,64.28571428571429
70752,18,14,77.77777777777779
70754,12,6,50.0
70756,59,48,81.35593220338984
70758,23,16,69.56521739130434
70759,32,16,50.0
70816,57,41,71.9298245614035
70872,37,26,70.27027027027027
70874,66,54,81.81818181818183
71034,13,9,69.23076923076923
71066,8,4,50.0
71068,3,3,100.0
71105,7,2,28.57142857142857
71144,4,4,100.0
71146,3,3,100.0
71148,3,3,100.0
71151,3,3,100.0
71152,3,3,100.0
71173,3,3,100.0
71174,3,3,100.0
71175,7,3,42.857142857142854
71176,9,4,44.44444444444444
71177,10,8,80.0
71179,19,17,89.47368421052632
71180,3,3,100.0
71181,3,3,100.0
71183,13,11,84.61538461538461
71187,7,7,100.0
71188,3,3,100.0
71190,12,11,91.66666666666666
71191,12,5,41.66666666666667
71192,5,3,60.0
71193,14,8,57.14285714285714
71198,5,3,60.0
71203,3,3,100.0
71205,11,7,63.63636363636363
71208,3,3,100.0
71209,14,8,57.14285714285714
71210,11,6,54.54545454545454
71211,15,11,73.33333333333333
71212,6,6,100.0
71213,3,2,66.66666666666666
71215,4,3,75.0
71216,3,3,100.0
71219,3,3,100.0
71221,18,14,77.77777777777779
71224,12,9,75.0
71225,9,8,88.88888888888889
71227,10,8,80.0
71230,19,16,84.21052631578947
71231,7,6,85.71428571428571
71232,20,18,90.0
71234,4,2,50.0
71235,3,3,100.0
71250,8,7,87.5
71427,3,2,66.66666666666666
71557,6,3,50.0
71564,3,2,66.66666666666666
71740,58,51,87.93103448275862
71807,28,19,67.85714285714286
71809,16,9,56.25
71810,43,35,81.3953488372093
71821,20,7,35.0
71823,9,5,55.55555555555556
71824,26,19,73.07692307692307
71826,39,32,82.05128205128204
71829,21,7,33.33333333333333
71830,47,34,72.3404255319149
71831,57,46,80.7017543859649
71872,45,37,82.22222222222221
71873,39,32,82.05128205128204
71874,8,6,75.0
71876,10,5,50.0
71877,29,16,55.172413793103445
71881,79,73,92.40506329113924
71883,20,16,80.0
71907,33,32,96.96969696969697
71918,17,13,76.47058823529412
72059,37,25,67.56756756756756
72327,12,8,66.66666666666666
72378,35,24,68.57142857142857
72720,2,0,0.0
72880,35,25,71.42857142857143
73100,27,12,44.44444444444444
73604,7,2,28.57142857142857
73684,75,68,90.66666666666666
73685,61,58,95.08196721311475
73962,47,39,82.97872340425532
73963,4,2,50.0
74384,31,24,77.41935483870968
74459,16,12,75.0
74673,41,35,85.36585365853658
74674,11,5,45.45454545454545
74676,25,24,96.0
74678,49,45,91.83673469387756
74698,51,38,74.50980392156863
74704,26,16,61.53846153846154
74964,5,3,60.0
75169,82,79,96.34146341463415
75316,12,6,50.0
75346,3,3,100.0
75361,47,32,68.08510638297872
76033,5,4,80.0
76685,4,2,50.0
76975,6,4,66.66666666666666
76992,5,5,100.0
76998,5,4,80.0
77069,5,0,0.0
77118,4,4,100.0
77402,5,4,80.0
77866,9,6,66.66666666666666
77881,6,2,33.33333333333333
77899,5,3,60.0
77902,17,8,47.05882352941176
77939,8,7,87.5
77942,2,1,50.0
77944,11,10,90.9090909090909
77945,7,4,57.14285714285714
77948,8,7,87.5
77949,5,0,0.0
77954,10,5,50.0
77955,8,5,62.5
77956,8,8,100.0
77957,8,3,37.5
77958,8,5,62.5
77960,7,1,14.285714285714285
77961,2,1,50.0
77962,12,5,41.66666666666667
77963,8,5,62.5
77965,8,8,100.0
77966,8,6,75.0
77967,12,7,58.333333333333336
77970,8,4,50.0
77973,6,3,50.0
77990,7,4,57.14285714285714
77991,7,4,57.14285714285714
77992,4,3,75.0
77993,5,4,80.0
77994,7,4,57.14285714285714
77997,6,5,83.33333333333334
77998,5,4,80.0
77999,5,3,60.0
78000,5,4,80.0
78001,5,4,80.0
78002,5,4,80.0
78003,6,5,83.33333333333334
78004,5,4,80.0
78005,5,4,80.0
78006,7,4,57.14285714285714
78007,4,3,75.0
78010,5,4,80.0
78011,6,5,83.33333333333334
78012,6,5,83.33333333333334
78013,6,5,83.33333333333334
78016,6,5,83.33333333333334
78017,6,5,83.33333333333334
78018,5,4,80.0
78019,6,5,83.33333333333334
78020,6,5,83.33333333333334
78021,5,4,80.0
78022,6,5,83.33333333333334
78023,6,5,83.33333333333334
78024,6,5,83.33333333333334
78026,6,5,83.33333333333334
78027,6,5,83.33333333333334
78028,6,5,83.33333333333334
78029,5,4,80.0
78030,6,5,83.33333333333334
78031,6,5,83.33333333333334
78032,6,5,83.33333333333334
78033,5,3,60.0
78034,13,9,69.23076923076923
78035,6,5,83.33333333333334
78037,14,10,71.42857142857143
78038,15,10,66.66666666666666
78039,15,11,73.33333333333333
78040,15,11,73.33333333333333
78041,15,12,80.0
78042,16,11,68.75
78043,14,11,78.57142857142857
78044,18,10,55.55555555555556
78045,14,10,71.42857142857143
78046,14,10,71.42857142857143
78047,9,5,55.55555555555556
78048,16,10,62.5
78049,17,11,64.70588235294117
78051,12,8,66.66666666666666
78052,19,12,63.1578947368421
78061,16,12,75.0
78062,5,4,80.0
78073,69,65,94.20289855072464
78090,4,3,75.0
78091,5,4,80.0
78092,5,4,80.0
78093,4,4,100.0
78094,5,5,100.0
78095,4,3,75.0
78097,4,2,50.0
78098,3,3,100.0
78099,4,4,100.0
78100,3,3,100.0
78102,3,3,100.0
78103,3,2,66.66666666666666
78105,3,3,100.0
78106,4,1,25.0
78107,5,5,100.0
78108,4,2,50.0
78110,6,5,83.33333333333334
78137,12,5,41.66666666666667
78154,22,16,72.72727272727273
78155,7,4,57.14285714285714
78157,25,21,84.0
78158,24,16,66.66666666666666
78160,24,18,75.0
78161,26,12,46.15384615384615
78163,27,18,66.66666666666666
78164,19,12,63.1578947368421
78166,21,11,52.38095238095239
78167,23,19,82.6086956521739
78168,20,12,60.0
78169,26,18,69.23076923076923
78171,23,18,78.26086956521739
78173,25,13,52.0
78174,20,15,75.0
78175,20,15,75.0
78176,23,15,65.21739130434783
78178,29,20,68.96551724137932
78184,21,11,52.38095238095239
78202,3,2,66.66666666666666
78204,3,3,100.0
78206,4,3,75.0
78207,3,0,0.0
78208,4,3,75.0
78209,3,3,100.0
78210,3,3,100.0
78211,4,4,100.0
78212,4,1,25.0
78213,2,1,50.0
78214,3,3,100.0
78215,2,1,50.0
78216,3,3,100.0
78217,3,3,100.0
78218,4,3,75.0
78219,4,2,50.0
78220,5,5,100.0
78228,1,1,100.0
78235,1,1,100.0
78256,1,1,100.0
78265,19,12,63.1578947368421
78266,23,14,60.86956521739131
78267,24,22,91.66666666666666
78268,12,10,83.33333333333334
78269,24,17,70.83333333333334
78270,30,25,83.33333333333334
78271,4,3,75.0
78272,28,20,71.42857142857143
78273,8,4,50.0
78274,20,13,65.0
78275,11,7,63.63636363636363
78276,19,10,52.63157894736842
78277,30,22,73.33333333333333
78278,25,20,80.0
78279,20,14,70.0
78280,25,17,68.0
78281,21,12,57.14285714285714
78282,28,20,71.42857142857143
78283,26,17,65.38461538461539
78284,21,12,57.14285714285714
78285,25,17,68.0
78286,26,15,57.692307692307686
78340,5,3,60.0
78341,5,3,60.0
78344,1,0,0.0
78345,6,4,66.66666666666666
78351,4,2,50.0
78352,2,1,50.0
78353,1,1,100.0
78356,12,8,66.66666666666666
78357,12,8,66.66666666666666
78358,11,8,72.72727272727273
78360,11,9,81.81818181818183
78361,10,8,80.0
78362,9,8,88.88888888888889
78363,11,7,63.63636363636363
78365,13,5,38.46153846153847
78366,11,7,63.63636363636363
78367,13,11,84.61538461538461
78368,13,9,69.23076923076923
78369,12,8,66.66666666666666
78370,10,7,70.0
78371,13,12,92.3076923076923
78373,13,10,76.92307692307693
78385,23,15,65.21739130434783
78389,2,2,100.0
78391,2,1,50.0
78392,2,1,50.0
78394,2,1,50.0
78397,2,1,50.0
78398,2,0,0.0
78401,1,0,0.0
78405,2,1,50.0
78406,2,1,50.0
78409,2,0,0.0
78411,17,11,64.70588235294117
78412,15,12,80.0
78413,17,14,82.35294117647058
78414,17,9,52.94117647058824
78415,15,11,73.33333333333333
78417,13,9,69.23076923076923
78418,19,15,78.94736842105263
78419,1,1,100.0
78423,13,10,76.92307692307693
78446,18,13,72.22222222222221
78447,25,20,80.0
78449,26,20,76.92307692307693
78450,26,20,76.92307692307693
78452,26,21,80.76923076923077
78453,22,18,81.81818181818183
78454,27,20,74.07407407407408
78455,27,20,74.07407407407408
78456,26,22,84.61538461538461
78457,19,14,73.68421052631578
78458,26,20,76.92307692307693
78459,22,17,77.27272727272727
78460,14,11,78.57142857142857
78461,21,17,80.95238095238095
78462,16,12,75.0
78463,17,12,70.58823529411765
78492,7,7,100.0
78493,8,6,75.0
78494,7,7,100.0
78495,8,7,87.5
78498,8,8,100.0
78499,15,10,66.66666666666666
78500,7,7,100.0
78501,6,4,66.66666666666666
78503,9,7,77.77777777777779
78504,15,12,80.0
78508,12,8,66.66666666666666
78509,12,9,75.0
78510,12,8,66.66666666666666
78512,8,8,100.0
78513,10,9,90.0
78514,9,8,88.88888888888889
78515,8,8,100.0
78516,9,7,77.77777777777779
78517,8,7,87.5
78518,8,7,87.5
78519,10,8,80.0
78520,8,7,87.5
78521,9,7,77.77777777777779
78522,10,8,80.0
78523,9,8,88.88888888888889
78524,9,7,77.77777777777779
78527,3,0,0.0
78528,8,6,75.0
78531,8,8,100.0
78532,7,5,71.42857142857143
78534,9,8,88.88888888888889
78535,8,6,75.0
78536,8,7,87.5
78537,8,7,87.5
78538,5,4,80.0
78539,8,8,100.0
78540,7,6,85.71428571428571
78541,8,8,100.0
78542,8,8,100.0
78543,7,6,85.71428571428571
78544,9,7,77.77777777777779
78545,8,8,100.0
78546,8,8,100.0
78547,9,7,77.77777777777779
78548,8,7,87.5
78549,8,7,87.5
78550,8,6,75.0
78551,9,8,88.88888888888889
78552,8,8,100.0
78553,8,7,87.5
78555,8,8,100.0
78556,8,7,87.5
78557,10,9,90.0
78558,6,6,100.0
78559,8,7,87.5
78560,7,7,100.0
78561,9,7,77.77777777777779
78562,9,9,100.0
78564,9,8,88.88888888888889
78565,9,9,100.0
78566,10,8,80.0
78567,8,7,87.5
78568,7,5,71.42857142857143
78569,8,6,75.0
78570,9,8,88.88888888888889
78571,8,7,87.5
78572,30,20,66.66666666666666
78573,7,6,85.71428571428571
78574,8,8,100.0
78575,19,14,73.68421052631578
78576,6,5,83.33333333333334
78577,8,7,87.5
78579,16,12,75.0
78581,6,6,100.0
78582,18,14,77.77777777777779
78583,7,6,85.71428571428571
78584,5,3,60.0
78586,6,4,66.66666666666666
78587,7,6,85.71428571428571
78588,15,10,66.66666666666666
78589,9,9,100.0
78590,17,12,70.58823529411765
78591,9,7,77.77777777777779
78593,6,6,100.0
78595,24,18,75.0
78647,39,7,17.94871794871795
78673,72,64,88.88888888888889
78674,3,3,100.0
78675,33,27,81.81818181818183
78704,20,9,45.0
78705,15,7,46.666666666666664
78706,15,12,80.0
78707,13,7,53.84615384615385
78708,21,11,52.38095238095239
78709,5,3,60.0
78710,19,9,47.368421052631575
78711,5,3,60.0
78712,12,10,83.33333333333334
78714,21,13,61.904761904761905
78718,17,14,82.35294117647058
78719,16,9,56.25
78720,15,8,53.333333333333336
78721,12,9,75.0
78722,14,8,57.14285714285714
78723,14,10,71.42857142857143
78724,16,8,50.0
78725,15,9,60.0
78726,15,10,66.66666666666666
78727,15,8,53.333333333333336
78729,15,8,53.333333333333336
78732,8,3,37.5
78757,17,12,70.58823529411765
78763,7,6,85.71428571428571
78764,6,4,66.66666666666666
78765,20,10,50.0
78766,7,6,85.71428571428571
78767,16,16,100.0
78769,2,1,50.0
78770,16,16,100.0
78771,16,16,100.0
78772,16,16,100.0
78773,16,16,100.0
78776,16,16,100.0
78777,16,16,100.0
78778,17,16,94.11764705882352
78779,17,13,76.47058823529412
78780,17,16,94.11764705882352
78782,16,16,100.0
78784,17,16,94.11764705882352
78785,8,8,100.0
78786,16,16,100.0
78787,16,13,81.25
78789,16,16,100.0
78803,11,8,72.72727272727273
78804,10,7,70.0
78805,9,6,66.66666666666666
78806,8,2,25.0
78807,10,4,40.0
78808,9,0,0.0
78809,11,6,54.54545454545454
78810,13,11,84.61538461538461
78811,14,12,85.71428571428571
78812,12,7,58.333333333333336
78813,11,8,72.72727272727273
78814,10,8,80.0
78815,10,5,50.0
78816,10,7,70.0
78817,10,6,60.0
78818,8,6,75.0
78819,6,5,83.33333333333334
78833,11,4,36.36363636363637
78834,9,3,33.33333333333333
78835,10,3,30.0
78836,7,2,28.57142857142857
78837,9,3,33.33333333333333
78838,6,1,16.666666666666664
78839,10,3,30.0
78840,10,5,50.0
78842,10,2,20.0
78843,11,8,72.72727272727273
78844,11,5,45.45454545454545
78845,6,3,50.0
78846,7,1,14.285714285714285
78847,9,4,44.44444444444444
78848,7,1,14.285714285714285
78849,6,1,16.666666666666664
78863,19,16,84.21052631578947
78874,9,9,100.0
78875,16,13,81.25
78877,8,7,87.5
78879,7,7,100.0
78880,8,8,100.0
78882,8,4,50.0
78883,8,7,87.5
78884,7,3,42.857142857142854
78885,8,8,100.0
78886,8,8,100.0
78887,8,4,50.0
78888,8,7,87.5
78890,8,4,50.0
78891,8,3,37.5
78892,8,7,87.5
78893,8,4,50.0
78894,8,7,87.5
78895,8,6,75.0
78897,8,2,25.0
78899,9,8,88.88888888888889
78901,6,4,66.66666666666666
78902,6,4,66.66666666666666
78903,65,60,92.3076923076923
78904,67,62,92.53731343283582
78905,65,61,93.84615384615384
78906,65,61,93.84615384615384
78907,66,62,93.93939393939394
78908,66,61,92.42424242424242
78909,64,63,98.4375
78910,65,62,95.38461538461539
78911,67,62,92.53731343283582
78912,64,63,98.4375
78913,66,61,92.42424242424242
78914,66,63,95.45454545454545
78915,66,60,90.9090909090909
78916,66,63,95.45454545454545
78917,64,58,90.625
78918,67,61,91.04477611940298
78919,66,61,92.42424242424242
78920,65,61,93.84615384615384
78921,66,60,90.9090909090909
78922,67,62,92.53731343283582
78923,66,65,98.48484848484848
78926,68,65,95.58823529411765
78927,6,5,83.33333333333334
78928,14,8,57.14285714285714
78944,8,8,100.0
78945,8,4,50.0
78946,8,7,87.5
78947,8,6,75.0
78948,8,6,75.0
78949,8,7,87.5
78951,8,5,62.5
78952,7,6,85.71428571428571
78953,8,3,37.5
78954,8,6,75.0
78955,7,7,100.0
78956,6,1,16.666666666666664
78957,8,8,100.0
78958,8,5,62.5
78959,8,3,37.5
78968,51,43,84.31372549019608
78969,34,27,79.41176470588235
78970,68,53,77.94117647058823
78971,57,48,84.21052631578947
78972,69,58,84.05797101449275
78973,18,10,55.55555555555556
78974,65,62,95.38461538461539
78975,13,9,69.23076923076923
78976,65,59,90.76923076923077
78977,67,58,86.56716417910447
78978,68,56,82.35294117647058
78979,66,52,78.78787878787878
78980,70,63,90.0
78981,65,61,93.84615384615384
78982,66,59,89.39393939393939
78983,68,62,91.17647058823529
78984,68,62,91.17647058823529
78985,69,66,95.65217391304348
78986,44,32,72.72727272727273
78987,59,51,86.4406779661017
78988,69,62,89.85507246376811
78989,69,62,89.85507246376811
78990,67,59,88.05970149253731
78991,70,62,88.57142857142857
78992,65,62,95.38461538461539
78993,8,5,62.5
78994,8,6,75.0
78995,8,6,75.0
78996,6,1,16.666666666666664
78997,8,7,87.5
78998,6,5,83.33333333333334
78999,2,1,50.0
79000,8,4,50.0
79001,8,2,25.0
79002,7,6,85.71428571428571
79003,4,2,50.0
79004,6,4,66.66666666666666
79005,8,1,12.5
79006,8,6,75.0
79007,8,5,62.5
79008,7,1,14.285714285714285
79009,2,1,50.0
79010,4,2,50.0
79011,8,1,12.5
79012,67,64,95.52238805970148
79013,68,65,95.58823529411765
79014,68,62,91.17647058823529
79015,65,57,87.6923076923077
79016,67,58,86.56716417910447
79017,46,27,58.69565217391305
79018,68,62,91.17647058823529
79019,71,63,88.73239436619718
79020,71,61,85.91549295774648
79021,71,63,88.73239436619718
79022,67,63,94.02985074626866
79023,67,63,94.02985074626866
79024,59,48,81.35593220338984
79026,64,59,92.1875
79027,69,62,89.85507246376811
79029,68,64,94.11764705882352
79030,30,18,60.0
79031,68,59,86.76470588235294
79032,66,55,83.33333333333334
79033,69,61,88.40579710144928
79034,71,57,80.28169014084507
79054,67,63,94.02985074626866
79055,66,63,95.45454545454545
79056,65,63,96.92307692307692
79057,64,60,93.75
79058,64,61,95.3125
79059,63,61,96.82539682539682
79060,68,66,97.05882352941177
79061,65,61,93.84615384615384
79062,64,59,92.1875
79063,66,64,96.96969696969697
79064,66,62,93.93939393939394
79066,67,59,88.05970149253731
79067,65,59,90.76923076923077
79068,64,61,95.3125
79069,65,60,92.3076923076923
79070,67,59,88.05970149253731
79071,66,61,92.42424242424242
79073,66,62,93.93939393939394
79074,67,61,91.04477611940298
79075,65,61,93.84615384615384
79111,28,12,42.857142857142854
79148,7,4,57.14285714285714
79150,11,8,72.72727272727273
79156,11,8,72.72727272727273
79158,7,4,57.14285714285714
79161,9,6,66.66666666666666
79205,4,3,75.0
79213,8,8,100.0
79214,8,8,100.0
79217,65,64,98.46153846153847
79218,8,7,87.5
79219,8,8,100.0
79220,7,4,57.14285714285714
79224,8,7,87.5
79236,18,12,66.66666666666666
79237,5,4,80.0
79242,6,4,66.66666666666666
79246,8,5,62.5
79264,57,48,84.21052631578947
79272,5,5,100.0
79279,5,5,100.0
79281,3,2,66.66666666666666
79291,6,5,83.33333333333334
79300,7,5,71.42857142857143
79316,8,3,37.5
79319,70,66,94.28571428571428
79324,9,5,55.55555555555556
79327,4,2,50.0
79333,8,6,75.0
79352,10,6,60.0
79403,8,6,75.0
79409,16,8,50.0
79410,26,11,42.30769230769231
79411,33,16,48.484848484848484
79412,10,6,60.0
79413,9,5,55.55555555555556
79414,33,17,51.515151515151516
79415,33,20,60.60606060606061
79416,23,14,60.86956521739131
79417,21,9,42.857142857142854
79419,33,17,51.515151515151516
79421,12,10,83.33333333333334
79422,11,8,72.72727272727273
79424,12,11,91.66666666666666
79425,11,9,81.81818181818183
79426,11,9,81.81818181818183
79427,11,7,63.63636363636363
79428,12,10,83.33333333333334
79430,12,10,83.33333333333334
79432,13,11,84.61538461538461
79448,5,4,80.0
79451,3,3,100.0
79452,9,6,66.66666666666666
79456,4,2,50.0
79458,4,2,50.0
79460,4,4,100.0
79481,7,5,71.42857142857143
79482,10,4,40.0
79483,12,8,66.66666666666666
79484,12,10,83.33333333333334
79485,12,9,75.0
79487,12,10,83.33333333333334
79488,12,11,91.66666666666666
79490,11,10,90.9090909090909
79491,12,11,91.66666666666666
79492,12,9,75.0
79493,12,9,75.0
79494,11,7,63.63636363636363
79496,12,10,83.33333333333334
79497,11,9,81.81818181818183
79499,12,9,75.0
79501,5,4,80.0
79502,4,3,75.0
79503,7,7,100.0
79504,7,5,71.42857142857143
79505,7,5,71.42857142857143
79506,5,4,80.0
79507,7,5,71.42857142857143
79508,5,4,80.0
79509,5,3,60.0
79510,10,9,90.0
79511,10,10,100.0
79512,6,4,66.66666666666666
79513,7,6,85.71428571428571
79514,5,4,80.0
79515,6,2,33.33333333333333
79516,5,5,100.0
79517,5,4,80.0
79518,5,4,80.0
79519,7,5,71.42857142857143
79522,4,3,75.0
79528,10,9,90.0
79529,5,5,100.0
79530,5,5,100.0
79531,5,3,60.0
79533,5,4,80.0
79534,6,4,66.66666666666666
79535,5,3,60.0
79536,7,4,57.14285714285714
79537,5,4,80.0
79538,5,4,80.0
79539,5,4,80.0
79540,5,5,100.0
79541,7,5,71.42857142857143
79542,4,3,75.0
79543,10,8,80.0
79544,5,4,80.0
79545,5,4,80.0
79546,5,4,80.0
79547,53,44,83.01886792452831
79548,7,5,71.42857142857143
79555,7,5,71.42857142857143
79558,9,6,66.66666666666666
79559,5,2,40.0
79561,6,2,33.33333333333333
79564,3,3,100.0
79565,3,1,33.33333333333333
79568,4,2,50.0
79569,6,3,50.0
79572,7,5,71.42857142857143
79573,4,2,50.0
79575,6,3,50.0
79577,11,5,45.45454545454545
79578,33,17,51.515151515151516
79579,13,5,38.46153846153847
79580,30,10,33.33333333333333
79581,36,24,66.66666666666666
79582,28,10,35.714285714285715
79583,31,20,64.51612903225806
79584,20,9,45.0
79585,26,18,69.23076923076923
79586,34,12,35.294117647058826
79587,6,2,33.33333333333333
79588,36,19,52.77777777777778
79595,7,3,42.857142857142854
79596,12,6,50.0
79597,12,11,91.66666666666666
79598,10,7,70.0
79600,12,7,58.333333333333336
79602,12,8,66.66666666666666
79605,7,5,71.42857142857143
79606,30,22,73.33333333333333
79608,20,10,50.0
79609,9,6,66.66666666666666
79610,19,12,63.1578947368421
79611,16,11,68.75
79613,30,21,70.0
79614,29,20,68.96551724137932
79615,19,13,68.42105263157895
79616,28,19,67.85714285714286
79617,29,22,75.86206896551724
79618,29,19,65.51724137931035
79619,32,22,68.75
79620,29,21,72.41379310344827
79621,30,19,63.33333333333333
79622,20,13,65.0
79623,30,21,70.0
79625,16,7,43.75
79626,26,18,69.23076923076923
79627,28,22,78.57142857142857
79632,35,24,68.57142857142857
79661,29,23,79.3103448275862
79662,31,22,70.96774193548387
79663,31,19,61.29032258064516
79664,29,17,58.620689655172406
79665,28,23,82.14285714285714
79666,30,23,76.66666666666667
79667,29,20,68.96551724137932
79668,29,20,68.96551724137932
79669,10,7,70.0
79670,29,19,65.51724137931035
79671,5,2,40.0
79672,29,21,72.41379310344827
79673,29,22,75.86206896551724
79674,15,11,73.33333333333333
79675,28,19,67.85714285714286
79678,28,21,75.0
79679,8,4,50.0
79680,31,21,67.74193548387096
79681,31,16,51.61290322580645
79682,36,24,66.66666666666666
79683,28,18,64.28571428571429
79684,4,3,75.0
79686,6,3,50.0
79687,17,10,58.82352941176471
79688,16,14,87.5
79689,8,5,62.5
79690,11,10,90.9090909090909
79691,16,16,100.0
79692,17,14,82.35294117647058
79693,17,15,88.23529411764706
79694,1,1,100.0
79695,13,11,84.61538461538461
79697,16,14,87.5
79698,8,8,100.0
79699,2,1,50.0
79700,7,6,85.71428571428571
79701,2,2,100.0
79703,12,10,83.33333333333334
79704,12,12,100.0
79714,4,2,50.0
79716,11,9,81.81818181818183
79720,10,6,60.0
79721,6,3,50.0
79726,9,6,66.66666666666666
79729,11,5,45.45454545454545
79735,37,25,67.56756756756756
79736,37,28,75.67567567567568
79737,38,26,68.42105263157895
79738,36,26,72.22222222222221
79739,37,25,67.56756756756756
79740,38,22,57.89473684210527
79741,36,28,77.77777777777779
79742,37,26,70.27027027027027
79743,16,11,68.75
79744,38,25,65.78947368421053
79745,39,27,69.23076923076923
79746,32,24,75.0
79747,36,25,69.44444444444444
79748,36,26,72.22222222222221
79749,38,28,73.68421052631578
79750,38,25,65.78947368421053
79752,37,28,75.67567567567568
79760,35,26,74.28571428571429
79761,28,20,71.42857142857143
79762,27,22,81.48148148148148
79763,36,27,75.0
79764,39,25,64.1025641025641
79765,38,29,76.31578947368422
79766,36,29,80.55555555555556
79768,39,27,69.23076923076923
79769,35,27,77.14285714285715
79772,38,30,78.94736842105263
79773,30,16,53.333333333333336
79774,36,28,77.77777777777779
79776,37,28,75.67567567567568
79777,38,26,68.42105263157895
79781,6,1,16.666666666666664
79785,6,5,83.33333333333334
79787,3,0,0.0
79797,20,13,65.0
79803,2,1,50.0
79804,13,9,69.23076923076923
79829,12,8,66.66666666666666
79830,12,11,91.66666666666666
79831,12,9,75.0
79832,12,10,83.33333333333334
79833,6,4,66.66666666666666
79857,12,9,75.0
79865,20,16,80.0
79884,10,8,80.0
79890,8,0,0.0
79896,13,11,84.61538461538461
79906,4,2,50.0
79907,6,5,83.33333333333334
79908,11,7,63.63636363636363
79909,2,0,0.0
79911,6,5,83.33333333333334
79957,14,7,50.0
79962,5,4,80.0
79963,12,9,75.0
79990,27,20,74.07407407407408
80008,6,5,83.33333333333334
80009,7,5,71.42857142857143
80010,6,5,83.33333333333334
80011,6,6,100.0
80012,4,3,75.0
80013,7,5,71.42857142857143
80014,6,5,83.33333333333334
80015,6,6,100.0
80016,7,7,100.0
80017,7,6,85.71428571428571
80018,4,2,50.0
80019,6,5,83.33333333333334
80020,4,2,50.0
80021,5,4,80.0
80022,5,2,40.0
80023,6,6,100.0
80024,6,5,83.33333333333334
80025,6,4,66.66666666666666
80051,2,1,50.0
80052,7,7,100.0
80085,5,4,80.0
80087,7,6,85.71428571428571
80088,4,4,100.0
80089,6,4,66.66666666666666
80090,5,3,60.0
80091,5,1,20.0
80094,5,3,60.0
80095,5,1,20.0
80109,7,5,71.42857142857143
80110,5,2,40.0
80111,7,5,71.42857142857143
80114,7,4,57.14285714285714
80115,7,4,57.14285714285714
80116,7,4,57.14285714285714
80117,8,4,50.0
80119,7,6,85.71428571428571
80120,7,5,71.42857142857143
80121,9,4,44.44444444444444
80123,8,8,100.0
80124,8,4,50.0
80125,8,3,37.5
80126,7,4,57.14285714285714
80127,8,3,37.5
80128,7,4,57.14285714285714
80129,8,5,62.5
80130,8,4,50.0
80132,7,5,71.42857142857143
80133,7,4,57.14285714285714
80134,8,4,50.0
80135,7,5,71.42857142857143
80136,11,6,54.54545454545454
80137,9,5,55.55555555555556
80138,8,4,50.0
80139,7,6,85.71428571428571
80144,2,0,0.0
80147,2,2,100.0
80150,2,0,0.0
80160,2,1,50.0
80161,2,1,50.0
80171,34,20,58.82352941176471
80172,18,10,55.55555555555556
80173,27,16,59.25925925925925
80174,35,20,57.14285714285714
80175,35,29,82.85714285714286
80176,12,7,58.333333333333336
80177,34,21,61.76470588235294
80179,27,14,51.85185185185185
80180,10,5,50.0
80181,37,27,72.97297297297297
80182,42,36,85.71428571428571
80210,11,7,63.63636363636363
80213,12,10,83.33333333333334
80216,11,7,63.63636363636363
80217,8,7,87.5
80218,12,10,83.33333333333334
80219,16,12,75.0
80223,8,8,100.0
80224,8,6,75.0
80225,7,7,100.0
80226,8,7,87.5
80227,8,8,100.0
80228,8,3,37.5
80229,8,4,50.0
80230,8,8,100.0
80231,8,7,87.5
80233,8,6,75.0
80234,8,4,50.0
80235,8,7,87.5
80238,2,2,100.0
80242,2,2,100.0
80243,2,2,100.0
80244,2,2,100.0
80246,2,1,50.0
80247,2,2,100.0
80248,2,2,100.0
80249,2,2,100.0
80250,2,2,100.0
80251,2,1,50.0
80254,2,2,100.0
80255,2,1,50.0
80256,2,2,100.0
80257,2,1,50.0
80350,13,10,76.92307692307693
80352,12,6,50.0
80353,18,16,88.88888888888889
80354,7,4,57.14285714285714
80356,2,1,50.0
80357,4,3,75.0
80358,10,8,80.0
80360,13,8,61.53846153846154
80449,7,4,57.14285714285714
80506,12,9,75.0
80584,1,0,0.0
80610,16,16,100.0
80611,12,11,91.66666666666666
80612,11,10,90.9090909090909
80613,15,12,80.0
80614,16,16,100.0
80615,18,16,88.88888888888889
80616,13,13,100.0
80617,17,16,94.11764705882352
80625,9,8,88.88888888888889
80633,16,16,100.0
80634,6,6,100.0
80635,3,3,100.0
80636,4,3,75.0
80637,2,1,50.0
80638,7,6,85.71428571428571
80639,8,7,87.5
80640,3,3,100.0
80641,8,7,87.5
80642,3,3,100.0
80643,3,3,100.0
80644,4,2,50.0
80645,4,3,75.0
80646,1,1,100.0
80647,6,6,100.0
80648,4,3,75.0
80649,12,7,58.333333333333336
80650,7,4,57.14285714285714
80651,10,7,70.0
80652,6,3,50.0
80653,6,6,100.0
80654,6,6,100.0
80655,6,6,100.0
80656,3,3,100.0
80657,3,2,66.66666666666666
80658,6,6,100.0
80659,6,5,83.33333333333334
80660,6,6,100.0
80661,6,5,83.33333333333334
80662,5,5,100.0
80663,7,6,85.71428571428571
80664,6,6,100.0
80665,6,5,83.33333333333334
80666,3,3,100.0
80715,8,6,75.0
80717,11,7,63.63636363636363
80718,6,1,16.666666666666664
80719,6,1,16.666666666666664
80720,6,5,83.33333333333334
80771,11,10,90.9090909090909
80807,66,65,98.48484848484848
80904,12,10,83.33333333333334
80906,14,6,42.857142857142854
80911,5,3,60.0
80914,4,2,50.0
80915,3,1,33.33333333333333
80916,4,2,50.0
80918,5,2,40.0
80919,5,2,40.0
80923,3,1,33.33333333333333
80924,3,2,66.66666666666666
80928,8,4,50.0
80941,4,0,0.0
80950,3,1,33.33333333333333
80954,7,2,28.57142857142857
80958,4,0,0.0
80984,2,0,0.0
80988,8,0,0.0
80989,8,1,12.5
80992,7,0,0.0
80996,5,1,20.0
81010,6,4,66.66666666666666
81011,7,6,85.71428571428571
81013,7,3,42.857142857142854
81016,4,3,75.0
81020,4,2,50.0
81028,3,1,33.33333333333333
81037,7,6,85.71428571428571
81040,6,2,33.33333333333333
81049,5,1,20.0
81054,6,1,16.666666666666664
81081,7,5,71.42857142857143
81082,2,2,100.0
81083,16,13,81.25
81084,2,2,100.0
81085,3,3,100.0
81086,5,4,80.0
81096,8,4,50.0
81192,3,3,100.0
81195,14,9,64.28571428571429
81196,11,9,81.81818181818183
81198,7,7,100.0
81199,8,4,50.0
81200,15,11,73.33333333333333
81209,21,19,90.47619047619048
81211,6,2,33.33333333333333
81212,5,2,40.0
81220,5,1,20.0
81223,4,2,50.0
81225,4,1,25.0
81231,7,6,85.71428571428571
81237,1,1,100.0
81254,1,1,100.0
81297,1,1,100.0
81309,1,0,0.0
81319,6,3,50.0
81347,4,2,50.0
81363,4,1,25.0
81390,4,0,0.0
81405,5,0,0.0
81407,4,0,0.0
81435,9,5,55.55555555555556
81438,6,1,16.666666666666664
81439,25,15,60.0
81441,8,3,37.5
81442,21,10,47.61904761904761
81443,23,15,65.21739130434783
81445,18,7,38.88888888888889
81446,43,29,67.44186046511628
81447,26,19,73.07692307692307
81448,7,1,14.285714285714285
81449,6,5,83.33333333333334
81450,27,18,66.66666666666666
81451,16,7,43.75
81452,18,10,55.55555555555556
81454,26,17,65.38461538461539
81455,26,12,46.15384615384615
81457,39,16,41.02564102564102
81458,14,8,57.14285714285714
81460,4,1,25.0
81461,29,17,58.620689655172406
81464,18,11,61.111111111111114
81468,3,1,33.33333333333333
81470,43,33,76.74418604651163
81481,6,1,16.666666666666664
81485,7,3,42.857142857142854
81488,6,0,0.0
81541,33,22,66.66666666666666
81567,3,1,33.33333333333333
81576,10,5,50.0
81577,17,14,82.35294117647058
81578,17,7,41.17647058823529
81604,42,29,69.04761904761905
81614,5,2,40.0
81618,2,2,100.0
81619,6,4,66.66666666666666
81623,1,1,100.0
81624,1,1,100.0
81625,1,1,100.0
81626,1,1,100.0
81627,1,1,100.0
81628,1,1,100.0
81630,1,1,100.0
81641,8,6,75.0
81643,2,2,100.0
81646,1,1,100.0
81648,41,30,73.17073170731707
81766,1,0,0.0
81773,33,20,60.60606060606061
81837,5,5,100.0
81884,4,1,25.0
81887,1,0,0.0
81888,4,2,50.0
81892,4,3,75.0
81896,4,1,25.0
81903,1,1,100.0
81904,1,1,100.0
81905,4,1,25.0
81909,4,0,0.0
81928,3,1,33.33333333333333
81930,3,2,66.66666666666666
81934,2,0,0.0
81935,4,0,0.0
81937,4,1,25.0
81944,4,2,50.0
81946,3,0,0.0
81947,4,0,0.0
81979,3,1,33.33333333333333
81980,3,1,33.33333333333333
81981,3,0,0.0
81982,1,0,0.0
81983,4,0,0.0
81984,1,1,100.0
82012,5,3,60.0
82016,5,3,60.0
82022,5,4,80.0
82023,5,2,40.0
82025,5,1,20.0
82029,5,4,80.0
82030,5,2,40.0
82031,4,4,100.0
82032,1,1,100.0
82037,4,4,100.0
82046,1,1,100.0
82047,1,1,100.0
82054,6,4,66.66666666666666
82056,1,0,0.0
82057,5,4,80.0
82058,6,5,83.33333333333334
82065,6,3,50.0
82066,1,0,0.0
82079,4,1,25.0
82080,3,1,33.33333333333333
82081,3,2,66.66666666666666
82083,1,1,100.0
82088,1,1,100.0
82089,2,1,50.0
82090,2,0,0.0
82091,1,0,0.0
82092,1,1,100.0
82093,4,3,75.0
82094,1,0,0.0
82095,4,1,25.0
82103,2,1,50.0
82107,2,0,0.0
82142,8,6,75.0
82151,20,10,50.0
82155,13,6,46.15384615384615
82159,15,15,100.0
82162,17,7,41.17647058823529
82163,20,15,75.0
82207,3,1,33.33333333333333
82240,3,1,33.33333333333333
82241,5,3,60.0
82250,3,1,33.33333333333333
82252,4,3,75.0
82270,3,3,100.0
82271,7,5,71.42857142857143
82272,3,2,66.66666666666666
82273,5,4,80.0
82277,6,4,66.66666666666666
82279,7,5,71.42857142857143
82280,4,4,100.0
82281,3,2,66.66666666666666
82283,4,3,75.0
82285,4,3,75.0
82286,4,3,75.0
82287,5,5,100.0
82288,4,3,75.0
82291,6,5,83.33333333333334
82293,6,6,100.0
82294,4,3,75.0
82295,3,3,100.0
82296,5,3,60.0
82297,5,4,80.0
82300,5,3,60.0
82301,6,5,83.33333333333334
82302,3,3,100.0
82303,5,5,100.0
82304,4,3,75.0
82305,5,3,60.0
82309,4,4,100.0
82310,6,5,83.33333333333334
82313,4,3,75.0
82314,3,3,100.0
82324,6,3,50.0
82325,6,4,66.66666666666666
82328,4,3,75.0
82329,6,5,83.33333333333334
82332,4,3,75.0
82333,6,4,66.66666666666666
82335,6,5,83.33333333333334
82336,4,3,75.0
82337,3,1,33.33333333333333
82340,5,2,40.0
82341,5,3,60.0
82342,6,5,83.33333333333334
82344,6,4,66.66666666666666
82345,5,2,40.0
82357,2,0,0.0
82359,6,4,66.66666666666666
82362,6,5,83.33333333333334
82368,14,9,64.28571428571429
82375,8,8,100.0
82391,3,2,66.66666666666666
82392,3,2,66.66666666666666
82394,3,3,100.0
82397,3,1,33.33333333333333
82403,3,3,100.0
82430,3,3,100.0
82434,3,2,66.66666666666666
82438,3,2,66.66666666666666
82440,3,3,100.0
82441,3,2,66.66666666666666
82446,3,2,66.66666666666666
82448,3,2,66.66666666666666
82476,3,3,100.0
82477,3,3,100.0
82479,3,3,100.0
82481,3,2,66.66666666666666
82482,3,3,100.0
82483,3,2,66.66666666666666
82485,3,3,100.0
82516,3,3,100.0
82523,2,2,100.0
82532,3,3,100.0
82533,3,2,66.66666666666666
82534,3,3,100.0
82540,3,3,100.0
82541,3,3,100.0
82542,3,3,100.0
82545,3,3,100.0
82550,3,3,100.0
82553,3,2,66.66666666666666
82555,3,2,66.66666666666666
82556,3,3,100.0
82558,3,2,66.66666666666666
82559,3,2,66.66666666666666
82602,1,0,0.0
82603,3,2,66.66666666666666
82606,1,1,100.0
82607,5,3,60.0
82616,7,3,42.857142857142854
82617,1,0,0.0
82634,1,0,0.0
82639,4,1,25.0
82641,4,1,25.0
82652,2,1,50.0
82672,1,0,0.0
82675,7,4,57.14285714285714
82676,1,1,100.0
82681,1,1,100.0
82682,2,1,50.0
82684,2,0,0.0
82686,1,0,0.0
82687,1,0,0.0
82690,1,0,0.0
82751,11,2,18.181818181818183
82928,2,0,0.0
82934,2,1,50.0
82940,2,0,0.0
82944,2,0,0.0
82987,2,1,50.0
83111,10,3,30.0
83112,9,2,22.22222222222222
83128,10,6,60.0
83129,9,2,22.22222222222222
83132,7,4,57.14285714285714
83169,36,22,61.111111111111114
83176,29,15,51.724137931034484
83177,41,31,75.60975609756098
83190,11,5,45.45454545454545
83193,19,15,78.94736842105263
83194,20,15,75.0
83195,22,17,77.27272727272727
83197,19,18,94.73684210526315
83199,14,9,64.28571428571429
83200,12,10,83.33333333333334
83201,21,11,52.38095238095239
83202,14,12,85.71428571428571
83203,12,6,50.0
83204,22,10,45.45454545454545
83205,21,10,47.61904761904761
83206,32,32,100.0
83208,17,4,23.52941176470588
83209,22,9,40.909090909090914
83210,13,10,76.92307692307693
83212,10,3,30.0
83236,9,5,55.55555555555556
83239,2,0,0.0
83240,7,3,42.857142857142854
83242,3,3,100.0
83243,11,1,9.090909090909092
83245,5,3,60.0
83246,15,14,93.33333333333333
83247,3,3,100.0
83248,11,6,54.54545454545454
83249,3,1,33.33333333333333
83250,14,14,100.0
83251,2,2,100.0
83252,2,2,100.0
83253,9,2,22.22222222222222
83257,4,2,50.0
83275,1,1,100.0
83278,1,1,100.0
83290,13,12,92.3076923076923
83291,4,1,25.0
83292,11,5,45.45454545454545
83293,2,2,100.0
83294,2,1,50.0
83295,2,1,50.0
83299,2,1,50.0
83300,8,7,87.5
83302,12,7,58.333333333333336
83304,2,2,100.0
83306,5,3,60.0
83307,7,4,57.14285714285714
83309,3,2,66.66666666666666
83311,9,7,77.77777777777779
83312,8,2,25.0
83313,2,2,100.0
83314,9,4,44.44444444444444
83315,6,3,50.0
83316,9,5,55.55555555555556
83320,2,1,50.0
83322,9,4,44.44444444444444
83335,6,4,66.66666666666666
83336,6,3,50.0
83337,5,3,60.0
83339,5,0,0.0
83343,5,4,80.0
83350,3,3,100.0
83354,5,5,100.0
83355,11,6,54.54545454545454
83368,1,0,0.0
83381,6,3,50.0
83383,2,1,50.0
83388,4,1,25.0
83477,15,5,33.33333333333333
83478,21,9,42.857142857142854
83479,15,7,46.666666666666664
83480,18,8,44.44444444444444
83539,8,5,62.5
83543,4,2,50.0
83548,6,2,33.33333333333333
83553,13,7,53.84615384615385
83578,2,1,50.0
83580,11,4,36.36363636363637
83594,14,8,57.14285714285714
83628,7,7,100.0
83629,8,8,100.0
83630,9,7,77.77777777777779
83631,9,8,88.88888888888889
83632,17,14,82.35294117647058
83633,7,7,100.0
83635,7,6,85.71428571428571
83636,11,9,81.81818181818183
83638,7,7,100.0
83639,16,16,100.0
83640,10,9,90.0
83641,11,9,81.81818181818183
83642,7,6,85.71428571428571
83643,10,10,100.0
83644,8,8,100.0
83647,13,11,84.61538461538461
83652,4,2,50.0
83653,14,9,64.28571428571429
83654,13,9,69.23076923076923
83655,7,4,57.14285714285714
83656,11,8,72.72727272727273
83657,2,1,50.0
83659,12,7,58.333333333333336
83660,13,7,53.84615384615385
83662,2,1,50.0
83664,2,2,100.0
83666,8,2,25.0
83696,6,1,16.666666666666664
83705,12,11,91.66666666666666
83766,6,0,0.0
83840,11,6,54.54545454545454
83851,3,2,66.66666666666666
83852,3,1,33.33333333333333
83860,21,11,52.38095238095239
83876,4,4,100.0
83925,15,1,6.666666666666667
83926,7,3,42.857142857142854
83927,9,4,44.44444444444444
83928,13,5,38.46153846153847
83929,15,2,13.333333333333334
83930,7,0,0.0
83932,8,1,12.5
83933,13,5,38.46153846153847
83935,9,5,55.55555555555556
83936,8,4,50.0
83937,14,2,14.285714285714285
83939,15,3,20.0
83940,7,3,42.857142857142854
83941,8,2,25.0
83942,9,2,22.22222222222222
83943,5,5,100.0
83952,8,2,25.0
83954,18,10,55.55555555555556
83956,7,3,42.857142857142854
83957,21,9,42.857142857142854
83960,11,5,45.45454545454545
83961,14,5,35.714285714285715
83962,7,0,0.0
83964,7,3,42.857142857142854
83965,7,3,42.857142857142854
83966,7,0,0.0
83967,8,3,37.5
83971,4,0,0.0
83972,7,1,14.285714285714285
83973,19,15,78.94736842105263
83974,5,0,0.0
84028,7,5,71.42857142857143
84029,10,7,70.0
84032,12,6,50.0
84033,8,5,62.5
84034,16,10,62.5
84039,8,3,37.5
84041,12,4,33.33333333333333
84042,3,0,0.0
84044,8,1,12.5
84060,9,6,66.66666666666666
84062,8,6,75.0
84063,9,4,44.44444444444444
84067,8,4,50.0
84068,4,1,25.0
84069,7,3,42.857142857142854
84070,9,7,77.77777777777779
84071,6,1,16.666666666666664
84072,7,1,14.285714285714285
84075,9,6,66.66666666666666
84076,11,9,81.81818181818183
84078,11,7,63.63636363636363
84080,3,2,66.66666666666666
84082,10,7,70.0
84084,4,3,75.0
84099,2,1,50.0
84100,1,1,100.0
84101,2,2,100.0
84102,2,1,50.0
84103,2,1,50.0
84104,2,1,50.0
84105,2,0,0.0
84106,2,2,100.0
84107,2,1,50.0
84110,2,1,50.0
84112,3,1,33.33333333333333
84113,3,1,33.33333333333333
84114,3,3,100.0
84115,3,0,0.0
84116,3,2,66.66666666666666
84117,3,1,33.33333333333333
84118,3,0,0.0
84119,6,2,33.33333333333333
84120,3,1,33.33333333333333
84121,3,3,100.0
84122,23,14,60.86956521739131
84123,37,20,54.054054054054056
84128,3,3,100.0
84129,5,2,40.0
84130,3,1,33.33333333333333
84132,40,18,45.0
84133,37,16,43.24324324324324
84137,44,25,56.81818181818182
84138,40,27,67.5
84139,28,20,71.42857142857143
84140,36,20,55.55555555555556
84141,37,22,59.45945945945946
84142,43,24,55.81395348837209
84143,41,23,56.09756097560976
84145,42,13,30.952380952380953
84146,21,9,42.857142857142854
84156,1,0,0.0
84164,4,0,0.0
84165,3,1,33.33333333333333
84169,7,4,57.14285714285714
84178,28,14,50.0
84289,2,2,100.0
84306,2,1,50.0
84310,3,2,66.66666666666666
84311,9,2,22.22222222222222
84314,2,1,50.0
84316,12,6,50.0
84320,8,4,50.0
84321,1,0,0.0
84322,3,0,0.0
84327,13,5,38.46153846153847
84328,1,0,0.0
84331,3,0,0.0
84333,6,1,16.666666666666664
84334,9,6,66.66666666666666
84335,17,3,17.647058823529413
84336,5,2,40.0
84337,6,1,16.666666666666664
84338,5,1,20.0
84339,1,0,0.0
84341,11,10,90.9090909090909
84343,3,1,33.33333333333333
84345,10,5,50.0
84346,7,2,28.57142857142857
84347,5,1,20.0
84349,2,1,50.0
84356,2,2,100.0
84357,4,1,25.0
84358,2,1,50.0
84359,3,3,100.0
84362,9,6,66.66666666666666
84363,1,1,100.0
84368,2,1,50.0
84369,2,0,0.0
84370,9,7,77.77777777777779
84373,2,1,50.0
84374,7,3,42.857142857142854
84376,3,0,0.0
84378,1,1,100.0
84385,3,1,33.33333333333333
84388,6,3,50.0
84391,4,0,0.0
84392,2,1,50.0
84396,4,2,50.0
84397,13,7,53.84615384615385
84399,3,2,66.66666666666666
84442,4,2,50.0
84455,12,8,66.66666666666666
84459,4,1,25.0
84488,4,4,100.0
84518,3,0,0.0
84523,4,3,75.0
84537,2,2,100.0
84551,2,2,100.0
84553,2,2,100.0
84557,2,1,50.0
84558,1,0,0.0
84559,2,1,50.0
84562,2,1,50.0
84563,2,1,50.0
84564,2,2,100.0
84565,2,1,50.0
84572,35,15,42.857142857142854
84573,17,8,47.05882352941176
84580,2,0,0.0
84583,3,1,33.33333333333333
84591,3,0,0.0
84597,2,2,100.0
84598,2,0,0.0
84611,13,8,61.53846153846154
84612,2,1,50.0
84620,2,2,100.0
84651,14,13,92.85714285714286
84665,7,2,28.57142857142857
84667,17,9,52.94117647058824
84686,9,2,22.22222222222222
84689,3,0,0.0
84690,2,2,100.0
84691,1,0,0.0
84736,6,0,0.0
84738,10,5,50.0
84739,3,2,66.66666666666666
84740,11,4,36.36363636363637
84742,4,1,25.0
84747,9,1,11.11111111111111
84749,7,1,14.285714285714285
84750,3,0,0.0
84752,2,0,0.0
84753,1,0,0.0
84754,9,5,55.55555555555556
84755,2,0,0.0
84756,5,3,60.0
84757,1,1,100.0
84758,1,1,100.0
84759,7,4,57.14285714285714
84760,9,1,11.11111111111111
84762,1,0,0.0
84764,1,1,100.0
84765,5,3,60.0
84785,18,10,55.55555555555556
84793,36,26,72.22222222222221
84794,3,1,33.33333333333333
84797,9,3,33.33333333333333
84798,19,13,68.42105263157895
84805,9,2,22.22222222222222
84809,9,1,11.11111111111111
84810,5,1,20.0
84821,2,1,50.0
84822,19,13,68.42105263157895
84823,7,2,28.57142857142857
84824,21,13,61.904761904761905
84826,23,16,69.56521739130434
84827,20,12,60.0
84828,24,16,66.66666666666666
84829,20,15,75.0
84830,18,13,72.22222222222221
84831,16,8,50.0
84832,20,12,60.0
84833,22,16,72.72727272727273
84834,10,5,50.0
84835,8,3,37.5
84836,13,8,61.53846153846154
84837,6,2,33.33333333333333
84838,11,5,45.45454545454545
84839,1,1,100.0
84841,2,1,50.0
84842,6,4,66.66666666666666
84865,7,3,42.857142857142854
84866,2,0,0.0
84867,2,0,0.0
84868,2,0,0.0
84870,2,0,0.0
84872,5,3,60.0
84874,6,2,33.33333333333333
84875,2,0,0.0
84877,2,0,0.0
84881,8,2,25.0
84883,4,2,50.0
84895,6,5,83.33333333333334
84898,4,1,25.0
84899,8,5,62.5
84900,4,2,50.0
84901,2,0,0.0
84902,2,0,0.0
84981,36,25,69.44444444444444
84994,4,2,50.0
84999,5,4,80.0
85000,6,5,83.33333333333334
85007,15,8,53.333333333333336
85008,5,3,60.0
85015,14,5,35.714285714285715
85022,14,5,35.714285714285715
85023,14,8,57.14285714285714
85024,13,7,53.84615384615385
85025,11,5,45.45454545454545
85026,11,6,54.54545454545454
85027,7,3,42.857142857142854
85028,5,2,40.0
85029,7,5,71.42857142857143
85030,15,8,53.333333333333336
85031,8,4,50.0
85033,8,3,37.5
85037,15,6,40.0
85039,7,2,28.57142857142857
85040,11,5,45.45454545454545
85041,7,3,42.857142857142854
85042,10,4,40.0
85043,6,2,33.33333333333333
85044,5,3,60.0
85045,16,9,56.25
85046,16,7,43.75
85047,14,9,64.28571428571429
85048,14,7,50.0
85049,8,3,37.5
85050,6,2,33.33333333333333
85051,9,3,33.33333333333333
85054,10,4,40.0
85074,12,7,58.333333333333336
85088,13,8,61.53846153846154
85109,17,12,70.58823529411765
85110,1,1,100.0
85111,1,1,100.0
85133,6,2,33.33333333333333
85136,2,2,100.0
85191,3,1,33.33333333333333
85192,10,9,90.0
85193,10,3,30.0
85194,6,3,50.0
85195,7,3,42.857142857142854
85196,7,3,42.857142857142854
85197,7,3,42.857142857142854
85200,8,5,62.5
85201,11,5,45.45454545454545
85202,5,3,60.0
85204,1,0,0.0
85262,2,0,0.0
85266,2,2,100.0
85273,1,0,0.0
85275,1,0,0.0
85276,3,2,66.66666666666666
85277,2,0,0.0
85278,1,0,0.0
85279,3,1,33.33333333333333
85280,1,1,100.0
85281,1,0,0.0
85282,12,6,50.0
85283,17,10,58.82352941176471
85284,6,4,66.66666666666666
85287,2,2,100.0
85288,1,1,100.0
85289,2,2,100.0
85290,1,1,100.0
85291,1,1,100.0
85292,2,0,0.0
85293,2,2,100.0
85295,2,1,50.0
85297,1,1,100.0
85300,7,4,57.14285714285714
85301,3,1,33.33333333333333
85303,1,1,100.0
85304,5,1,20.0
85306,1,0,0.0
85308,6,1,16.666666666666664
85310,1,1,100.0
85311,3,1,33.33333333333333
85334,6,5,83.33333333333334
85347,2,0,0.0
85352,3,0,0.0
85380,5,4,80.0
85456,1,0,0.0
85459,1,0,0.0
85462,1,1,100.0
85464,1,1,100.0
85471,12,8,66.66666666666666
85551,2,2,100.0
85579,1,1,100.0
85580,1,1,100.0
85645,3,2,66.66666666666666
85646,20,13,65.0
85648,9,3,33.33333333333333
85649,6,5,83.33333333333334
85650,2,0,0.0
85651,11,2,18.181818181818183
85653,2,0,0.0
85654,12,1,8.333333333333332
85656,11,7,63.63636363636363
85658,4,0,0.0
85685,20,16,80.0
85686,21,17,80.95238095238095
85687,24,11,45.83333333333333
85689,10,4,40.0
85690,15,6,40.0
85691,23,17,73.91304347826086
85692,14,5,35.714285714285715
85693,21,13,61.904761904761905
85694,26,13,50.0
85696,19,6,31.57894736842105
85697,22,11,50.0
85698,21,18,85.71428571428571
85699,20,13,65.0
85701,24,13,54.166666666666664
85714,20,14,70.0
85715,18,14,77.77777777777779
85716,22,17,77.27272727272727
85717,26,23,88.46153846153845
85718,5,3,60.0
85719,20,8,40.0
85720,27,21,77.77777777777779
85721,23,9,39.130434782608695
85722,16,6,37.5
85723,5,0,0.0
85724,18,7,38.88888888888889
85725,17,8,47.05882352941176
85726,23,18,78.26086956521739
85727,23,10,43.47826086956522
85728,13,3,23.076923076923077
85729,15,4,26.666666666666668
85730,23,11,47.82608695652174
85765,2,2,100.0
85828,36,27,75.0
85862,18,11,61.111111111111114
85903,1,0,0.0
85945,22,14,63.63636363636363
85946,20,13,65.0
85947,18,8,44.44444444444444
85948,16,6,37.5
85949,21,12,57.14285714285714
85950,15,9,60.0
85951,12,5,41.66666666666667
85952,21,11,52.38095238095239
85969,14,8,57.14285714285714
85972,21,11,52.38095238095239
85974,12,5,41.66666666666667
86044,12,10,83.33333333333334
86045,17,5,29.411764705882355
86077,3,1,33.33333333333333
86227,4,1,25.0
86229,4,1,25.0
86232,3,1,33.33333333333333
86247,1,1,100.0
86248,1,1,100.0
86253,5,4,80.0
86301,3,0,0.0
86303,13,8,61.53846153846154
86304,2,1,50.0
86305,12,7,58.333333333333336
86306,10,6,60.0
86307,13,9,69.23076923076923
86308,13,7,53.84615384615385
86309,10,6,60.0
86310,11,6,54.54545454545454
86311,12,8,66.66666666666666
86312,13,6,46.15384615384615
86313,8,3,37.5
86314,10,6,60.0
86315,7,4,57.14285714285714
86316,12,8,66.66666666666666
86317,8,6,75.0
86318,11,6,54.54545454545454
86320,11,6,54.54545454545454
86321,8,1,12.5
86322,7,2,28.57142857142857
86323,8,5,62.5
86324,8,5,62.5
86325,13,7,53.84615384615385
86327,7,4,57.14285714285714
86330,6,0,0.0
86338,6,4,66.66666666666666
86339,9,5,55.55555555555556
86340,8,5,62.5
86341,5,2,40.0
86342,4,3,75.0
86343,6,3,50.0
86344,5,1,20.0
86345,9,6,66.66666666666666
86346,5,2,40.0
86347,7,5,71.42857142857143
86348,7,6,85.71428571428571
86349,8,7,87.5
86351,8,4,50.0
86352,9,6,66.66666666666666
86355,5,3,60.0
86365,1,0,0.0
86366,9,6,66.66666666666666
86368,9,7,77.77777777777779
86369,3,2,66.66666666666666
86370,8,5,62.5
86371,9,9,100.0
86372,3,1,33.33333333333333
86373,3,1,33.33333333333333
86374,9,8,88.88888888888889
86375,8,5,62.5
86377,9,7,77.77777777777779
86378,4,3,75.0
86379,9,5,55.55555555555556
86380,3,3,100.0
86381,5,2,40.0
86382,3,1,33.33333333333333
86384,6,5,83.33333333333334
86395,3,3,100.0
86398,3,3,100.0
86406,3,3,100.0
86407,3,3,100.0
86410,3,3,100.0
86412,3,2,66.66666666666666
86415,9,7,77.77777777777779
86416,9,6,66.66666666666666
86417,14,2,14.285714285714285
86418,14,9,64.28571428571429
86420,3,2,66.66666666666666
86424,14,11,78.57142857142857
86425,6,3,50.0
86426,3,3,100.0
86428,3,3,100.0
86429,3,3,100.0
86433,3,3,100.0
86434,9,5,55.55555555555556
86439,3,3,100.0
86440,3,2,66.66666666666666
86444,3,3,100.0
86445,3,3,100.0
86484,3,3,100.0
86489,3,3,100.0
86492,3,3,100.0
86510,13,4,30.76923076923077
86511,5,5,100.0
86523,3,0,0.0
86541,3,2,66.66666666666666
86544,6,0,0.0
86545,2,1,50.0
86547,5,0,0.0
86551,9,5,55.55555555555556
86552,24,13,54.166666666666664
86553,16,10,62.5
86554,23,12,52.17391304347826
86555,15,9,60.0
86556,19,10,52.63157894736842
86557,22,15,68.18181818181817
86558,22,11,50.0
86559,24,13,54.166666666666664
86562,8,7,87.5
86567,4,1,25.0
86594,1,1,100.0
86620,6,2,33.33333333333333
86631,2,1,50.0
86666,5,3,60.0
86667,4,0,0.0
86675,1,1,100.0
86676,1,1,100.0
86677,1,1,100.0
86678,1,1,100.0
86679,1,1,100.0
86680,1,1,100.0
86681,1,1,100.0
86682,1,1,100.0
86683,1,1,100.0
86684,1,1,100.0
86686,1,1,100.0
86687,1,1,100.0
86688,1,1,100.0
86689,1,1,100.0
86690,1,1,100.0
86691,1,1,100.0
86692,1,1,100.0
86693,1,1,100.0
86695,1,1,100.0
86696,1,1,100.0
86697,1,1,100.0
86700,1,1,100.0
86701,1,1,100.0
86703,1,1,100.0
86704,1,1,100.0
86707,1,1,100.0
86708,1,1,100.0
86712,1,1,100.0
86713,1,1,100.0
86715,1,1,100.0
86716,1,1,100.0
86717,1,1,100.0
86720,1,1,100.0
86721,1,1,100.0
86722,1,1,100.0
86723,1,1,100.0
86724,1,1,100.0
86725,1,1,100.0
86726,1,1,100.0
86727,1,1,100.0
86729,1,1,100.0
86730,1,1,100.0
86731,1,1,100.0
86732,1,1,100.0
86733,1,1,100.0
86734,1,1,100.0
86735,1,1,100.0
86736,1,1,100.0
86737,1,1,100.0
86738,1,1,100.0
86739,1,1,100.0
86741,1,1,100.0
86742,1,1,100.0
86743,1,1,100.0
86744,1,1,100.0
86745,1,1,100.0
86748,1,1,100.0
86749,1,1,100.0
86751,1,1,100.0
86753,1,0,0.0
86754,1,1,100.0
86755,1,1,100.0
86758,1,1,100.0
86759,1,1,100.0
86760,1,1,100.0
86761,1,1,100.0
86762,1,1,100.0
86763,1,1,100.0
86844,5,4,80.0
86981,1,1,100.0
87038,3,2,66.66666666666666
87049,1,1,100.0
87050,1,1,100.0
87051,1,1,100.0
87052,1,1,100.0
87053,1,1,100.0
87054,1,1,100.0
87055,1,1,100.0
87056,1,1,100.0
87057,1,1,100.0
87058,1,1,100.0
87059,1,1,100.0
87060,1,1,100.0
87061,1,1,100.0
87062,1,1,100.0
87063,1,1,100.0
87064,1,1,100.0
87065,1,1,100.0
87066,1,1,100.0
87067,1,1,100.0
87068,1,1,100.0
87069,1,1,100.0
87070,1,1,100.0
87074,1,1,100.0
87075,1,0,0.0
87077,1,1,100.0
87078,1,1,100.0
87079,1,1,100.0
87081,1,0,0.0
87082,1,1,100.0
87083,1,1,100.0
87084,1,1,100.0
87086,1,1,100.0
87087,1,1,100.0
87088,1,1,100.0
87090,1,1,100.0
87091,1,1,100.0
87092,1,1,100.0
87101,1,1,100.0
87103,1,1,100.0
87104,1,1,100.0
87105,1,1,100.0
87106,1,1,100.0
87107,1,1,100.0
87108,1,1,100.0
87109,1,1,100.0
87110,1,1,100.0
87111,1,1,100.0
87112,1,1,100.0
87113,1,1,100.0
87115,1,1,100.0
87116,1,1,100.0
87117,1,1,100.0
87118,1,1,100.0
87119,1,1,100.0
87120,1,1,100.0
87121,1,1,100.0
87122,1,1,100.0
87123,1,1,100.0
87124,1,1,100.0
87125,1,1,100.0
87126,1,1,100.0
87127,1,1,100.0
87128,1,1,100.0
87129,1,1,100.0
87131,6,6,100.0
87132,13,9,69.23076923076923
87133,10,3,30.0
87134,8,6,75.0
87135,10,5,50.0
87136,6,5,83.33333333333334
87137,7,1,14.285714285714285
87139,1,1,100.0
87140,1,1,100.0
87142,1,1,100.0
87143,1,1,100.0
87144,1,1,100.0
87145,1,1,100.0
87147,1,0,0.0
87148,1,1,100.0
87149,1,1,100.0
87150,1,1,100.0
87152,1,1,100.0
87168,1,0,0.0
87171,6,2,33.33333333333333
87216,3,0,0.0
87218,4,3,75.0
87220,1,1,100.0
87222,1,1,100.0
87223,1,0,0.0
87224,6,3,50.0
87225,5,1,20.0
87236,2,1,50.0
87261,2,2,100.0
87300,2,1,50.0
87306,2,0,0.0
87328,2,1,50.0
87347,4,1,25.0
87362,3,1,33.33333333333333
87364,4,2,50.0
87367,2,0,0.0
87369,2,2,100.0
87382,2,1,50.0
87406,1,0,0.0
87407,8,5,62.5
87408,5,4,80.0
87409,8,5,62.5
87410,7,3,42.857142857142854
87421,2,2,100.0
87430,19,10,52.63157894736842
87468,2,0,0.0
87499,5,3,60.0
87500,6,0,0.0
87503,13,5,38.46153846153847
87510,7,4,57.14285714285714
87512,7,4,57.14285714285714
87513,6,5,83.33333333333334
87516,6,4,66.66666666666666
87518,6,4,66.66666666666666
87519,7,5,71.42857142857143
87521,6,5,83.33333333333334
87523,7,6,85.71428571428571
87524,6,5,83.33333333333334
87525,2,1,50.0
87526,5,0,0.0
87527,6,6,100.0
87541,1,1,100.0
87544,1,1,100.0
87547,1,1,100.0
87548,1,1,100.0
87549,1,1,100.0
87550,1,1,100.0
87552,1,0,0.0
87569,1,1,100.0
87571,1,1,100.0
87573,1,1,100.0
87575,1,0,0.0
87576,1,1,100.0
87577,1,1,100.0
87579,1,1,100.0
87580,1,1,100.0
87582,1,1,100.0
87584,1,1,100.0
87585,1,1,100.0
87587,1,1,100.0
87589,1,1,100.0
87590,3,0,0.0
87597,4,1,25.0
87599,12,5,41.66666666666667
87606,37,29,78.37837837837837
87607,1,1,100.0
87682,1,1,100.0
87806,5,4,80.0
87818,3,1,33.33333333333333
87863,11,6,54.54545454545454
87864,8,3,37.5
87865,25,15,60.0
87866,24,17,70.83333333333334
87867,8,4,50.0
87868,8,4,50.0
87869,13,6,46.15384615384615
87870,8,0,0.0
87871,10,6,60.0
87873,11,4,36.36363636363637
87874,8,4,50.0
87875,10,8,80.0
87876,13,8,61.53846153846154
87881,1,1,100.0
87910,4,0,0.0
87911,4,3,75.0
87990,4,1,25.0
87991,8,1,12.5
87992,9,2,22.22222222222222
87993,9,3,33.33333333333333
87994,6,1,16.666666666666664
87995,9,1,11.11111111111111
87996,9,1,11.11111111111111
87997,11,4,36.36363636363637
87998,9,3,33.33333333333333
87999,11,2,18.181818181818183
88000,10,1,10.0
88001,11,2,18.181818181818183
88004,7,2,28.57142857142857
88006,4,1,25.0
88008,6,1,16.666666666666664
88010,6,1,16.666666666666664
88011,9,8,88.88888888888889
88012,9,4,44.44444444444444
88013,5,5,100.0
88014,1,1,100.0
88015,8,3,37.5
88019,7,1,14.285714285714285
88020,13,5,38.46153846153847
88021,9,4,44.44444444444444
88023,14,10,71.42857142857143
88026,11,5,45.45454545454545
88027,7,4,57.14285714285714
88029,10,5,50.0
88030,6,2,33.33333333333333
88032,10,6,60.0
88033,6,2,33.33333333333333
88034,3,0,0.0
88035,9,5,55.55555555555556
88036,5,0,0.0
88038,6,1,16.666666666666664
88059,2,1,50.0
88069,5,2,40.0
88070,4,2,50.0
88072,5,2,40.0
88091,10,6,60.0
88092,16,12,75.0
88093,10,4,40.0
88094,17,8,47.05882352941176
88095,19,13,68.42105263157895
88096,15,8,53.333333333333336
88097,10,7,70.0
88098,7,4,57.14285714285714
88099,4,0,0.0
88100,17,12,70.58823529411765
88101,4,1,25.0
88102,8,2,25.0
88105,10,4,40.0
88110,12,6,50.0
88112,7,3,42.857142857142854
88126,4,0,0.0
88127,4,0,0.0
88128,5,5,100.0
88129,8,0,0.0
88130,5,4,80.0
88131,8,2,25.0
88132,3,1,33.33333333333333
88133,9,7,77.77777777777779
88134,3,1,33.33333333333333
88135,1,0,0.0
88136,9,4,44.44444444444444
88137,2,0,0.0
88138,3,3,100.0
88139,7,3,42.857142857142854
88140,3,2,66.66666666666666
88141,7,6,85.71428571428571
88142,5,1,20.0
88143,3,0,0.0
88144,8,3,37.5
88145,7,3,42.857142857142854
88146,3,1,33.33333333333333
88147,5,4,80.0
88148,10,6,60.0
88150,3,3,100.0
88151,9,5,55.55555555555556
88152,10,5,50.0
88153,5,3,60.0
88154,3,1,33.33333333333333
88155,5,3,60.0
88156,3,2,66.66666666666666
88157,9,5,55.55555555555556
88158,5,0,0.0
88166,3,1,33.33333333333333
88168,3,1,33.33333333333333
88169,3,2,66.66666666666666
88170,4,1,25.0
88171,1,0,0.0
88172,1,1,100.0
88173,10,10,100.0
88174,4,4,100.0
88175,9,9,100.0
88176,5,3,60.0
88177,3,2,66.66666666666666
88178,2,2,100.0
88179,6,3,50.0
88180,3,2,66.66666666666666
88181,1,0,0.0
88182,1,1,100.0
88183,1,1,100.0
88184,1,1,100.0
88186,1,0,0.0
88187,1,0,0.0
88188,1,1,100.0
88189,1,1,100.0
88192,1,0,0.0
88193,1,0,0.0
88197,1,1,100.0
88198,1,0,0.0
88199,1,0,0.0
88200,1,0,0.0
88201,1,1,100.0
88203,1,1,100.0
88206,1,0,0.0
88208,1,1,100.0
88212,1,0,0.0
88213,1,0,0.0
88214,1,0,0.0
88218,1,1,100.0
88219,1,1,100.0
88220,1,1,100.0
88221,1,1,100.0
88224,1,1,100.0
88229,1,1,100.0
88231,1,1,100.0
88232,1,1,100.0
88316,9,6,66.66666666666666
88318,9,5,55.55555555555556
88319,7,3,42.857142857142854
88320,9,5,55.55555555555556
88415,1,1,100.0
88476,10,4,40.0
88478,10,5,50.0
88479,8,0,0.0
88481,12,5,41.66666666666667
88483,16,11,68.75
88484,11,4,36.36363636363637
88516,13,3,23.076923076923077
88517,12,1,8.333333333333332
88518,12,4,33.33333333333333
88589,13,0,0.0
88591,5,0,0.0
88638,3,1,33.33333333333333
88639,5,3,60.0
88640,2,2,100.0
88642,8,3,37.5
88643,11,5,45.45454545454545
88644,14,5,35.714285714285715
88645,2,0,0.0
88649,4,1,25.0
88652,2,1,50.0
88653,4,2,50.0
88688,13,0,0.0
88693,1,1,100.0
88737,3,0,0.0
88744,5,3,60.0
88765,3,1,33.33333333333333
88777,7,6,85.71428571428571
88786,4,1,25.0
88787,8,3,37.5
88789,4,1,25.0
88790,4,2,50.0
88793,7,1,14.285714285714285
88795,13,8,61.53846153846154
88797,5,0,0.0
88799,9,5,55.55555555555556
88800,8,2,25.0
88803,10,4,40.0
88817,10,7,70.0
88820,5,2,40.0
88821,10,6,60.0
88823,4,3,75.0
88824,10,5,50.0
88825,7,5,71.42857142857143
88826,6,3,50.0
88827,9,6,66.66666666666666
88829,11,6,54.54545454545454
88830,8,5,62.5
88831,15,9,60.0
88832,10,7,70.0
88833,9,5,55.55555555555556
88908,7,3,42.857142857142854
88910,2,0,0.0
88911,6,1,16.666666666666664
88913,6,1,16.666666666666664
88914,5,2,40.0
88915,6,1,16.666666666666664
88916,5,1,20.0
88917,8,3,37.5
88918,6,0,0.0
88919,4,0,0.0
88920,4,1,25.0
88970,6,0,0.0
88971,9,0,0.0
88972,6,3,50.0
88973,7,1,14.285714285714285
88975,5,1,20.0
88989,3,0,0.0
89016,12,2,16.666666666666664
89017,5,0,0.0
89018,14,5,35.714285714285715
89019,5,1,20.0
89046,5,0,0.0
89047,14,4,28.57142857142857
89048,14,4,28.57142857142857
89049,14,3,21.428571428571427
89050,10,3,30.0
89051,14,2,14.285714285714285
89052,9,2,22.22222222222222
89053,12,5,41.66666666666667
89054,7,1,14.285714285714285
89055,8,2,25.0
89056,10,3,30.0
89082,4,1,25.0
89083,4,2,50.0
89085,4,1,25.0
89087,4,3,75.0
89088,7,5,71.42857142857143
89089,9,3,33.33333333333333
89091,7,4,57.14285714285714
89092,7,6,85.71428571428571
89093,4,2,50.0
89094,7,4,57.14285714285714
89095,10,7,70.0
89096,6,4,66.66666666666666
89097,8,5,62.5
89098,10,3,30.0
89099,10,3,30.0
89100,8,4,50.0
89102,7,6,85.71428571428571
89103,7,5,71.42857142857143
89104,7,3,42.857142857142854
89106,4,2,50.0
89107,9,6,66.66666666666666
89108,7,5,71.42857142857143
89109,4,1,25.0
89110,4,2,50.0
89111,4,1,25.0
89112,8,4,50.0
89113,7,3,42.857142857142854
89114,6,4,66.66666666666666
89115,7,5,71.42857142857143
89116,17,10,58.82352941176471
89117,6,2,33.33333333333333
89119,4,2,50.0
89120,9,5,55.55555555555556
89123,5,3,60.0
89124,7,5,71.42857142857143
89125,10,6,60.0
89153,5,1,20.0
89154,8,2,25.0
89155,17,5,29.411764705882355
89156,25,11,44.0
89157,19,6,31.57894736842105
89158,11,2,18.181818181818183
89159,6,3,50.0
89160,10,2,20.0
89161,10,5,50.0
89162,18,5,27.77777777777778
89163,9,3,33.33333333333333
89164,16,7,43.75
89165,9,2,22.22222222222222
89166,5,1,20.0
89167,7,1,14.285714285714285
89168,9,6,66.66666666666666
89169,19,2,10.526315789473683
89170,6,1,16.666666666666664
89171,20,4,20.0
89172,6,2,33.33333333333333
89173,7,2,28.57142857142857
89175,6,2,33.33333333333333
89176,7,3,42.857142857142854
89190,7,2,28.57142857142857
89191,8,4,50.0
89192,8,6,75.0
89193,8,2,25.0
89194,7,3,42.857142857142854
89195,7,2,28.57142857142857
89196,8,2,25.0
89197,8,3,37.5
89198,8,3,37.5
89199,10,2,20.0
89200,7,2,28.57142857142857
89201,3,0,0.0
89202,8,3,37.5
89203,8,3,37.5
89204,8,2,25.0
89205,8,3,37.5
89206,7,2,28.57142857142857
89207,8,1,12.5
89208,8,1,12.5
89209,8,5,62.5
89210,7,4,57.14285714285714
89211,4,1,25.0
89213,10,3,30.0
89215,11,4,36.36363636363637
89222,2,1,50.0
89247,8,2,25.0
89248,6,0,0.0
89249,4,0,0.0
89250,6,0,0.0
89251,6,0,0.0
89252,18,2,11.11111111111111
89335,4,1,25.0
89337,6,2,33.33333333333333
89338,5,3,60.0
89339,6,3,50.0
89341,4,2,50.0
89343,5,3,60.0
89344,6,3,50.0
89345,4,2,50.0
89346,6,1,16.666666666666664
89347,6,2,33.33333333333333
89348,6,3,50.0
89349,5,1,20.0
89353,3,2,66.66666666666666
89354,6,5,83.33333333333334
89355,6,5,83.33333333333334
89356,6,5,83.33333333333334
89357,3,3,100.0
89359,3,2,66.66666666666666
89360,5,5,100.0
89361,4,4,100.0
89362,6,5,83.33333333333334
89364,6,6,100.0
89365,6,5,83.33333333333334
89369,5,2,40.0
89370,6,4,66.66666666666666
89371,5,4,80.0
89372,6,4,66.66666666666666
89374,5,3,60.0
89375,4,3,75.0
89377,6,4,66.66666666666666
89378,5,3,60.0
89398,8,3,37.5
89442,6,2,33.33333333333333
89443,13,6,46.15384615384615
89444,6,3,50.0
89448,6,1,16.666666666666664
89449,10,7,70.0
89450,14,5,35.714285714285715
89451,11,5,45.45454545454545
89452,7,3,42.857142857142854
89453,5,2,40.0
89454,13,8,61.53846153846154
89485,7,5,71.42857142857143
89540,2,1,50.0
89541,2,1,50.0
89548,2,0,0.0
89550,1,1,100.0
89551,1,1,100.0
89552,2,1,50.0
89554,2,1,50.0
89569,2,0,0.0
89675,3,0,0.0
89865,2,1,50.0
89878,2,2,100.0
89884,1,1,100.0
89928,2,0,0.0
89929,2,1,50.0
89930,2,1,50.0
89932,2,1,50.0
89933,2,1,50.0
89934,1,1,100.0
89935,2,1,50.0
89936,2,0,0.0
89937,1,1,100.0
89938,2,2,100.0
89939,2,1,50.0
89940,1,0,0.0
89942,2,1,50.0
89943,2,0,0.0
89945,2,1,50.0
89946,1,1,100.0
89947,1,1,100.0
89949,1,1,100.0
89951,2,1,50.0
89952,1,1,100.0
89955,2,1,50.0
89959,1,0,0.0
89960,1,0,0.0
89961,1,1,100.0
89980,1,1,100.0
89983,4,1,25.0
90010,1,0,0.0
90040,5,2,40.0
90108,4,0,0.0
90133,2,1,50.0
90134,3,2,66.66666666666666
90137,7,3,42.857142857142854
90144,10,3,30.0
90146,10,8,80.0
90160,8,5,62.5
90161,9,5,55.55555555555556
90162,3,0,0.0
90165,11,4,36.36363636363637
90166,5,3,60.0
90167,7,2,28.57142857142857
90171,4,0,0.0
90178,12,8,66.66666666666666
90179,18,13,72.22222222222221
90180,9,3,33.33333333333333
90181,10,4,40.0
90182,10,4,40.0
90183,10,4,40.0
90184,7,2,28.57142857142857
90185,5,2,40.0
90187,14,3,21.428571428571427
90188,14,8,57.14285714285714
90190,11,6,54.54545454545454
90192,5,2,40.0
90194,14,9,64.28571428571429
90195,12,6,50.0
90205,8,4,50.0
90208,9,5,55.55555555555556
90216,5,4,80.0
90433,16,14,87.5
90504,2,1,50.0
90505,2,1,50.0
90506,2,1,50.0
90510,1,1,100.0
90511,2,1,50.0
90512,2,1,50.0
90514,2,1,50.0
90515,1,1,100.0
90516,1,0,0.0
90517,2,0,0.0
90519,1,1,100.0
90520,2,1,50.0
90521,1,1,100.0
90522,1,1,100.0
90523,2,1,50.0
90538,2,1,50.0
90540,1,1,100.0
90545,7,2,28.57142857142857
90547,11,2,18.181818181818183
90548,3,0,0.0
90549,5,3,60.0
90550,4,0,0.0
90648,2,0,0.0
90650,2,0,0.0
90651,5,2,40.0
90652,10,1,10.0
90654,2,0,0.0
90689,3,2,66.66666666666666
90696,3,2,66.66666666666666
90698,2,0,0.0
90704,3,0,0.0
90705,1,0,0.0
90707,1,0,0.0
90715,1,1,100.0
90813,11,0,0.0
90815,10,10,100.0
90816,2,0,0.0
90817,10,5,50.0
90820,3,0,0.0
90822,11,4,36.36363636363637
90823,9,1,11.11111111111111
90826,4,0,0.0
90828,13,0,0.0
90831,6,0,0.0
90833,3,0,0.0
90896,3,0,0.0
90924,10,1,10.0
90925,6,0,0.0
90935,3,2,66.66666666666666
91079,1,1,100.0
91115,5,5,100.0
91118,6,6,100.0
91120,7,7,100.0
91124,4,4,100.0
91132,1,0,0.0
91158,5,3,60.0
91159,3,2,66.66666666666666
91176,2,0,0.0
91185,5,2,40.0
91186,3,0,0.0
91187,3,1,33.33333333333333
91188,3,0,0.0
91234,11,6,54.54545454545454
91237,3,1,33.33333333333333
91238,3,3,100.0
91246,4,1,25.0
91258,4,2,50.0
91265,6,0,0.0
91266,2,1,50.0
91268,6,3,50.0
91285,3,1,33.33333333333333
91301,6,4,66.66666666666666
91306,5,4,80.0
91322,18,12,66.66666666666666
91338,5,3,60.0
91351,6,2,33.33333333333333
91355,2,1,50.0
91357,4,1,25.0
91397,6,0,0.0
91406,3,2,66.66666666666666
91407,3,3,100.0
91408,3,3,100.0
91409,3,3,100.0
91410,3,2,66.66666666666666
91411,3,2,66.66666666666666
91412,3,3,100.0
91413,3,2,66.66666666666666
91414,3,3,100.0
91415,2,0,0.0
91418,3,2,66.66666666666666
91436,2,0,0.0
91441,3,2,66.66666666666666
91443,1,1,100.0
91445,1,1,100.0
91448,9,3,33.33333333333333
91449,5,3,60.0
91451,4,3,75.0
91459,3,2,66.66666666666666
91461,3,3,100.0
91462,3,3,100.0
91465,3,2,66.66666666666666
91466,3,2,66.66666666666666
91467,3,2,66.66666666666666
91469,3,3,100.0
91470,3,1,33.33333333333333
91471,3,1,33.33333333333333
91472,2,0,0.0
91473,2,0,0.0
91474,3,2,66.66666666666666
91502,3,3,100.0
91574,5,2,40.0
91576,2,1,50.0
91615,4,0,0.0
91621,2,2,100.0
91622,5,2,40.0
91664,3,2,66.66666666666666
91665,3,0,0.0
91676,26,16,61.53846153846154
91752,2,1,50.0
91754,2,1,50.0
91755,2,1,50.0
91756,2,1,50.0
91757,2,1,50.0
91759,2,0,0.0
91760,2,2,100.0
91762,2,2,100.0
91763,2,1,50.0
91765,4,3,75.0
91767,3,0,0.0
91768,4,1,25.0
91769,3,2,66.66666666666666
91784,1,1,100.0
91785,1,0,0.0
91786,1,1,100.0
91788,1,1,100.0
91791,1,1,100.0
91793,1,1,100.0
91794,1,1,100.0
91797,1,1,100.0
91798,1,1,100.0
91801,1,1,100.0
91808,1,1,100.0
91810,1,1,100.0
91811,1,1,100.0
91812,1,1,100.0
91813,1,1,100.0
91814,1,1,100.0
91815,1,1,100.0
91817,1,1,100.0
91818,1,1,100.0
91820,1,1,100.0
91821,1,1,100.0
91822,1,1,100.0
91838,1,1,100.0
91839,1,1,100.0
91843,1,1,100.0
91844,1,1,100.0
91846,1,1,100.0
91847,1,1,100.0
91848,1,1,100.0
91850,1,1,100.0
91854,1,1,100.0
91858,1,1,100.0
91860,1,1,100.0
91865,1,1,100.0
91866,1,1,100.0
91867,1,1,100.0
91869,1,1,100.0
91871,1,1,100.0
91872,1,1,100.0
91874,1,1,100.0
91889,5,1,20.0
91892,2,1,50.0
91896,4,2,50.0
91897,3,3,100.0
91898,3,3,100.0
91899,2,2,100.0
91900,1,1,100.0
91901,3,3,100.0
91902,3,2,66.66666666666666
91903,4,4,100.0
91904,2,2,100.0
91905,2,0,0.0
91907,2,2,100.0
91908,3,1,33.33333333333333
91909,2,2,100.0
91910,3,3,100.0
91911,3,3,100.0
91912,3,3,100.0
91913,3,1,33.33333333333333
91914,3,3,100.0
91915,2,2,100.0
91916,2,1,50.0
91917,3,1,33.33333333333333
91919,3,2,66.66666666666666
91920,2,1,50.0
91921,2,2,100.0
91922,2,2,100.0
91923,3,2,66.66666666666666
91924,3,3,100.0
91925,2,1,50.0
91926,4,3,75.0
91927,2,0,0.0
91928,3,2,66.66666666666666
91929,3,3,100.0
91930,3,0,0.0
91932,2,2,100.0
91933,3,2,66.66666666666666
91934,2,2,100.0
91935,2,2,100.0
91944,1,1,100.0
91952,2,1,50.0
91954,2,2,100.0
91956,2,1,50.0
91957,2,2,100.0
91959,2,1,50.0
91961,2,2,100.0
91962,2,2,100.0
91963,3,3,100.0
91965,2,0,0.0
91966,4,2,50.0
91967,2,2,100.0
91968,2,2,100.0
91969,3,3,100.0
91970,2,1,50.0
91971,2,1,50.0
91972,2,1,50.0
91973,1,1,100.0
91975,2,2,100.0
91976,2,1,50.0
91977,3,2,66.66666666666666
91980,2,2,100.0
91981,2,2,100.0
91982,2,1,50.0
91983,2,1,50.0
91984,2,2,100.0
91986,2,2,100.0
91987,2,2,100.0
91988,2,1,50.0
91989,2,2,100.0
91990,1,1,100.0
91991,2,0,0.0
91992,3,2,66.66666666666666
92005,6,2,33.33333333333333
92015,4,2,50.0
92032,3,1,33.33333333333333
92038,5,2,40.0
92072,4,1,25.0
92103,1,0,0.0
92121,6,2,33.33333333333333
92128,2,1,50.0
92136,2,0,0.0
92137,2,2,100.0
92171,2,0,0.0
92173,2,2,100.0
92174,2,2,100.0
92225,3,0,0.0
92232,2,1,50.0
92233,2,0,0.0
92235,2,1,50.0
92236,2,2,100.0
92245,6,4,66.66666666666666
92246,6,5,83.33333333333334
92247,6,5,83.33333333333334
92248,2,2,100.0
92249,7,5,71.42857142857143
92250,6,4,66.66666666666666
92251,6,4,66.66666666666666
92301,12,10,83.33333333333334
92355,2,2,100.0
92356,16,4,25.0
92357,7,4,57.14285714285714
92358,9,4,44.44444444444444
92389,1,0,0.0
92440,3,3,100.0
92441,3,3,100.0
92492,4,3,75.0
92495,1,1,100.0
92501,4,3,75.0
92502,4,3,75.0
92503,4,2,50.0
92504,3,2,66.66666666666666
92505,3,2,66.66666666666666
92506,3,1,33.33333333333333
92521,2,1,50.0
92547,2,1,50.0
96210,66,61,92.42424242424242
96211,65,60,92.3076923076923
96212,67,61,91.04477611940298
96213,65,61,93.84615384615384
96214,65,63,96.92307692307692
96215,66,64,96.96969696969697
96216,66,61,92.42424242424242
96217,64,63,98.4375
96218,65,62,95.38461538461539
96219,67,62,92.53731343283582
96220,64,63,98.4375
96221,66,61,92.42424242424242
96222,66,63,95.45454545454545
96223,66,58,87.87878787878788
96224,66,63,95.45454545454545
96225,64,60,93.75
96226,67,62,92.53731343283582
96227,66,59,89.39393939393939
96228,65,61,93.84615384615384
96229,66,60,90.9090909090909
96230,67,62,92.53731343283582
96231,66,65,98.48484848484848
96232,68,63,92.64705882352942
96233,50,42,84.0
96234,34,25,73.52941176470588
96235,65,49,75.38461538461539
96236,56,48,85.71428571428571
96237,66,53,80.3030303030303
96238,18,10,55.55555555555556
96239,62,57,91.93548387096774
96240,13,9,69.23076923076923
96241,62,51,82.25806451612904
96242,64,52,81.25
96243,64,52,81.25
96244,65,51,78.46153846153847
96245,67,56,83.5820895522388
96246,62,57,91.93548387096774
96247,63,55,87.3015873015873
96248,65,56,86.15384615384616
96249,65,58,89.23076923076924
96250,66,60,90.9090909090909
96251,42,30,71.42857142857143
96252,66,57,86.36363636363636
96253,66,56,84.84848484848484
96254,64,56,87.5
96255,67,58,86.56716417910447
96256,62,57,91.93548387096774
96257,64,56,87.5
96258,65,60,92.3076923076923
96259,64,54,84.375
96260,64,52,81.25
96261,41,21,51.21951219512195
96262,65,56,86.15384615384616
96263,68,59,86.76470588235294
96264,68,59,86.76470588235294
96265,68,55,80.88235294117648
96266,64,55,85.9375
96267,64,57,89.0625
96268,57,47,82.45614035087719
96269,61,54,88.52459016393442
96270,66,57,86.36363636363636
96271,65,58,89.23076923076924
96272,30,19,63.33333333333333
96273,65,54,83.07692307692308
96274,65,51,78.46153846153847
96275,66,56,84.84848484848484
96276,68,52,76.47058823529412
96277,67,63,94.02985074626866
96278,66,61,92.42424242424242
96279,65,63,96.92307692307692
96280,64,60,93.75
96281,64,61,95.3125
96282,63,61,96.82539682539682
96283,68,66,97.05882352941177
96284,65,62,95.38461538461539
96285,64,60,93.75
96286,66,63,95.45454545454545
96287,66,62,93.93939393939394
96288,67,58,86.56716417910447
96289,65,59,90.76923076923077
96290,64,62,96.875
96291,65,58,89.23076923076924
96292,67,59,88.05970149253731
96293,66,62,93.93939393939394
96294,66,61,92.42424242424242
96295,67,58,86.56716417910447
96296,65,61,93.84615384615384
96297,65,65,100.0
96298,55,40,72.72727272727273
96299,39,32,82.05128205128204
